,Context Length,Feature,Coefficient,VIF
0,5,length ratio,0.328946336078094,2.8047983654112163
1,5,repetition ratio,-0.08756341243054837,2.375749510659747
2,5,pos perplexity,-0.16534389920461207,4.3711147325607795
