,Context Length,Feature,Coefficient,VIF
0,10,length ratio,0.46205483719657364,3.222537174997346
1,10,single naming,0.006574836942487966,2.9196354773145767
2,10,passive verb ratio,-0.008454794371807302,4.167988400069573
3,10,repetition ratio,-0.13348625749118054,4.704004416047248
