,Context Length,Feature,Coefficient,VIF
0,5,explicit naming,-0.05630170887035833,1.4293091080651026
1,5,repetition ratio,-0.4197550764499595,2.1629497909296935
2,5,yulesi,-0.4454976327651947,2.2168504303613137
