,Context Length,Feature,Coefficient,VIF
0,5,50 most frequent word,0.27575451742204704,4.587629710594648
1,5,repetition ratio,-0.14204614946113372,1.889227911377702
2,5,mdd,-0.14888466378748771,4.620098129572454
3,5,yulesi,-0.23042007846929224,4.717443952410559
4,5,length ratio,-0.7528447181015664,3.5075888416249748
