,Context Length,Feature,Coefficient,VIF
0,10,repetition ratio,-0.44858870716820604,2.6140270294516283
1,10,length ratio,-0.7315743540309307,4.327094686310381
2,10,mtld,-0.9860972581697117,3.7430078485299254
