,Context Length,Feature,Coefficient,VIF
0,2,pos perplexity,0.08784058864961827,2.517062376100849
1,2,average function words,0.0675506319543073,3.93759905265446
2,2,passive verb ratio,0.06540918883715091,1.2741487362318464
3,2,mtld,-0.06498021872868771,3.5510341902107485
4,2,length ratio,-0.19471417947229233,2.1077429290259793
