,Context Length,Feature,Coefficient,VIF
0,10,passive verb ratio,0.19710542049337235,1.7787572498206277
1,10,contextual function word,0.08832594815173646,2.940463243218252
2,10,single naming,-0.0338368920412285,4.014394351779147
3,10,explicit naming,-0.07969457942029459,1.9557830840946095
4,10,mean multiple naming,-0.1993044509939239,2.8092051558755764
5,10,mtld,-0.2250288865057121,4.6067759072392365
6,10,length ratio,-0.6399488186735234,2.873001999421873
7,10,repetition ratio,-0.6567260114215779,4.024426597236092
