,Context Length,Feature,Coefficient,VIF
0,5,average function words,0.27779624082610227,2.1132997805929246
1,5,length ratio,-0.7572396388365192,2.113299780592924
