,Context Length,Feature,Coefficient,VIF
0,5,passive verb ratio,0.04959610325406742,1.4508374679829494
1,5,pos perplexity,0.03190159852378635,2.869064520900381
2,5,contextual function word,-0.005542562551139995,2.5232307521990225
3,5,repetition ratio,-0.02912634931701395,2.152650015003948
4,5,length ratio,-0.3308656918638222,2.61100101714311
