,Context Length,Feature,Coefficient,VIF
0,10,type token ratio,0.014895864603934297,2.479959026477016
1,10,length ratio,-0.42588803993715246,2.479959026477016
