,Context Length,Feature,Coefficient,VIF
0,2,contextual function word,0.3138397481119967,3.1243774163339464
1,2,perplexity,0.12764065732819363,1.0157355506436108
2,2,passive verb ratio,0.11086460857626117,2.0001938048812167
3,2,yulesi,-0.0617595239015518,2.719084354614077
4,2,mean multiple naming,-0.10250080482963267,1.3453379658620448
5,2,length ratio,-0.16322888491649756,2.3577889817507107
6,2,repetition ratio,-0.2569218910811284,1.4947382152333921
7,2,single naming,-0.29568430475965135,1.8330324012587955
8,2,explicit naming,-0.4132374982904845,1.8221859621609995
