,Context Length,Feature,Coefficient,VIF
0,5,contextual function word,0.4864912239308795,4.362223712321697
1,5,length ratio,0.3807835070222074,2.613046923487739
2,5,repetition ratio,-0.360793774929617,2.7612307763081505
