,Context Length,Feature,Coefficient,VIF
0,10,length ratio,0.63084669312406,2.649383625990578
1,10,repetition ratio,-0.4934492197399105,2.929202454691826
