,Context Length,Feature,Coefficient,VIF
0,5,repetition ratio,-0.4110617798635804,2.0855395956995357
1,5,yulesi,-1.1292257403767192,2.085539595699537
