,Context Length,Feature,Coefficient,VIF
0,10,passive verb ratio,0.6020939538052721,3.1671643019914386
1,10,perplexity,0.2779319689941863,1.036912610918337
2,10,mean multiple naming,-0.031855535138946754,3.288333360188189
3,10,syllable ratio,-0.13498844725615922,4.676476693624592
