,Context Length,Feature,Coefficient,VIF
0,2,syllable ratio,-0.06725026713777102,3.4517290031688987
1,2,pmi,-0.2131349824877177,3.4517290031688987
