,Context Length,Feature,Coefficient,VIF
0,10,explicit naming,0.2524070583566503,1.701226615339824
1,10,passive verb ratio,0.21506974743794952,4.8813778530472325
2,10,perplexity,0.12585994306391196,1.0671422435926763
3,10,mdd,0.033727210717835195,2.5245510425269284
4,10,mean multiple naming,-0.014563290806088779,3.3382297841541124
5,10,single naming,-0.03222821860748711,4.60675644778564
6,10,length ratio,-0.8760796062354922,2.861357114724656
