,Context Length,Feature,Coefficient,VIF
0,2,yulesi,0.05404329297917701,2.4875896181742303
1,2,contextual function word,0.028566798636749137,4.659536488374845
2,2,pos perplexity,0.009073447280880982,2.58864364544137
3,2,repetition ratio,-0.006226248738389011,2.0369592879502827
4,2,syllable ratio,-0.03867581408645987,4.965280053478548
5,2,length ratio,-0.16230434901556592,2.4694794885771234
