,Context Length,Feature,Coefficient,VIF
0,5,yulesi,0.0698648143987232,2.046177076981359
1,5,length ratio,-0.2092388508651243,2.046177076981359
