,Context Length,Feature,Coefficient,VIF
0,10,single naming,-0.01412278131045835,2.7382746331243975
1,10,passive verb ratio,-0.15774195784834927,3.8568616368235973
2,10,length ratio,-0.5198485969805903,2.3910616062173893
