,Context Length,Feature,Coefficient,VIF
0,5,passive verb ratio,0.0686623315805522,3.373579782338377
1,5,explicit naming,0.00498022036365537,2.3588843920038176
2,5,perplexity,-0.14720590347779114,1.0315636462877127
3,5,repetition ratio,-0.3423985129093557,3.2210451679043253
4,5,mdd,-0.35171611432421684,2.320202226413058
5,5,mtld,-1.0386667912257368,4.750085780989121
