,Context Length,Feature,Coefficient,VIF
0,5,perplexity,0.11588161968534268,1.1187212406225808
1,5,single naming,-0.13678609589920246,3.175579768073338
2,5,contextual function word,-0.4395750079823372,3.0969019310116748
