,Context Length,Feature,Coefficient,VIF
0,2,pos perplexity,-0.06895682473406076,3.652573332176399
1,2,yulesi,-0.10900651331356473,3.473532303205537
2,2,mdd,-0.1964490544866415,2.57294071031766
