,Context Length,Feature,Coefficient,VIF
0,10,explicit naming,0.01493124087723046,1.8910719811147219
1,10,perplexity,-0.005664574172944578,1.1214756081443567
2,10,mean multiple naming,-0.14198823947567552,3.905947744055196
3,10,passive verb ratio,-0.23915434793325513,4.681040071201863
4,10,pos perplexity,-0.257791477131815,1.2377264627893458
5,10,mdd,-0.7990743685189003,3.013248085746002
