,Context Length,Feature,Coefficient,VIF
0,2,single naming,-0.04710839131734141,1.8890593205838118
1,2,yulesi,-0.2407895888295182,3.273334401124011
2,2,mdd,-0.30738214658251994,2.5320924752664613
