,Context Length,Feature,Coefficient,VIF
0,5,perplexity,0.02936542229818712,1.1411516905638488
1,5,explicit naming,-0.07760452915171889,2.879366568788818
2,5,passive verb ratio,-0.10814346876616558,3.322583191807877
3,5,mean multiple naming,-0.18424014584618606,2.3762771751880427
4,5,single naming,-0.21069602501900148,3.45235829310783
5,5,mdd,-0.8304897775742605,3.3157706164351506
