,Context Length,Feature,Coefficient,VIF
0,5,yulesi,-0.017769684792910856,1.958172398764615
1,5,repetition ratio,-0.08304134278650047,1.9581723987646151
