,Context Length,Feature,Coefficient,VIF
0,10,mtld,0.09825937997379315,2.5126509554429024
1,10,repetition ratio,-0.5231701857926597,2.5126509554429024
