,Context Length,Feature,Coefficient,VIF
0,2,pmi,0.33322921027000635,2.7677901897069397
1,2,explicit naming,0.1473968212801836,2.6842516572971604
2,2,repetition ratio,-0.3750439487515633,1.5157568799090306
