,Context Length,Feature,Coefficient,VIF
0,2,mean multiple naming,0.11258543166847444,1.055331980500547
1,2,single naming,0.04065606785092286,1.4786235858580263
2,2,mdd,0.0233590956240522,2.7338674117515036
3,2,explicit naming,-0.00045876850496692154,1.683266983018374
4,2,type token ratio,-0.035117945520801545,3.5339486828437394
5,2,length ratio,-0.06288208917583736,2.5598500968850995
