,Context Length,Feature,Coefficient,VIF
0,10,length ratio,0.5740517877107234,3.126521350868991
1,10,mean multiple naming,0.2659984199297558,1.1512602436339006
2,10,single naming,0.22163150926680486,2.3284692300137744
3,10,mdd,0.017267217805606916,3.304944685907562
4,10,explicit naming,-0.022034643785230977,2.1510394230697685
5,10,passive verb ratio,-0.03254705364964353,3.8759859041369995
