,Context Length,Feature,Coefficient,VIF
0,5,mean multiple naming,0.0797668223091409,1.077713132184845
1,5,single naming,0.05950678584061894,1.9522693423507973
2,5,mdd,0.03382655171885542,3.3962922136399616
3,5,repetition ratio,0.022606197644588877,4.188548140182222
4,5,explicit naming,0.004209204256265369,2.1478802111033004
5,5,length ratio,-0.00277613966908978,2.658619411255129
6,5,passive verb ratio,-0.013911042024828462,2.8569610287239913
