,Context Length,Feature,Coefficient,VIF
0,2,length ratio,0.03153292494555567,2.1249872085396277
1,2,mtld,0.02676226724765287,2.641513376610331
2,2,single naming,0.013075541408736022,1.0971517709466236
3,2,explicit naming,0.011286875556218925,1.8929150272152
4,2,mean multiple naming,0.0032250638972028288,1.1284778167609242
