,Context Length,Feature,Coefficient,VIF
0,10,length ratio,0.14376659048569396,2.8010967816223573
1,10,single naming,0.015638040422828063,1.3921270979246763
