,Context Length,Feature,Coefficient,VIF
0,5,mean multiple naming,0.020299710478492883,2.7813993614786514
1,5,explicit naming,0.008557775278497362,2.798682978535568
2,5,length ratio,0.0035725080157539644,2.383375836991574
3,5,mdd,-0.0008894553883644755,2.8895504177684663
4,5,passive verb ratio,-0.004315576969541282,3.806805462638208
5,5,repetition ratio,-0.019724152192508282,4.32124665265286
