,Context Length,Feature,Coefficient,VIF
0,2,yulesi,0.019381222938033044,3.30104110628454
1,2,mean multiple naming,0.017001159639379208,1.7515612343990108
2,2,single naming,0.014534914004069492,2.0293514013754765
3,2,explicit naming,0.013077127962554789,4.611257642149918
4,2,mdd,0.0036369607262399756,3.104329197484855
5,2,passive verb ratio,-0.0058075131908561384,2.337876146324682
6,2,length ratio,-0.008343361687141289,2.145030863929804
7,2,repetition ratio,-0.013267067839257967,2.27342730101008
