,Context Length,Feature,Coefficient,VIF
0,10,mtld,0.059555723246622186,21.85948375283638
1,10,average function words,-0.05307507996975381,21.85948375283638
