,Context Length,Feature,Coefficient,VIF
0,10,mean multiple naming,0.6921117948478225,1.2827462384635087
1,10,pos perplexity,0.18966778754147073,1.0989229456445941
2,10,length ratio,0.1121814450014767,3.478097103402885
3,10,10 most frequent word,-0.008605362371278267,3.185589774638724
4,10,repetition ratio,-0.1177206972972872,2.7164916882217396
