,Context Length,Feature,Coefficient,VIF
0,2,average function words,0.2887550394765785,4.501824427902355
1,2,length ratio,0.23626004323693262,2.2671506186542034
2,2,mean multiple naming,0.23303857413573628,1.061837377062616
3,2,type token ratio,0.20648442419867385,3.3628823474133367
4,2,50 most frequent word,-0.22535510489045038,4.701602817111903
5,2,passive verb ratio,-0.2665394469601226,1.5481059889121978
