,Context Length,Feature Name,Coefficient
0,10,pronoun ratio,-0.5231929502687911
1,10,lexical density,-0.7333997785959787
2,10,pmi,-1.4822389831399352
